<?xml version="1.0" ?>

<container xmlns="http://symfony.com/schema/dic/services"
           xmlns:xsi="http://www.w3.org/2001/XMLSchema-instance"
           xsi:schemaLocation="http://symfony.com/schema/dic/services http://symfony.com/schema/dic/services/services-1.0.xsd">

    <services>
        <service id="Neocom\ProductAdvisor\Subscriber\OrderPlacedSubscriber">
            <argument type="service" id="order.repository"/>

            <tag name="kernel.event_subscriber"/>
            <argument type="service" id="Shopware\Core\System\SystemConfig\SystemConfigService"/>
        </service>

        <service id="Neocom\ProductAdvisor\Storefront\Page\Checkout\Finish\CheckoutFinishPageLoader" decorates="Shopware\Storefront\Page\Checkout\Finish\CheckoutFinishPageLoader">
            <argument type="service" id="event_dispatcher"/>
            <argument type="service" id="Shopware\Storefront\Page\GenericPageLoader"/>
            <argument type="service" id="Shopware\Core\Checkout\Order\SalesChannel\OrderRoute"/>
            <argument type="service" id="Shopware\Core\Framework\Adapter\Translation\Translator"/>
            <argument type="service" id="order.repository"/>
        </service>
        
        <service id="Neocom\ProductAdvisor\Framework\Cookie\NeocomCookieProvider"
                 decorates="Shopware\Storefront\Framework\Cookie\CookieProviderInterface">
            <argument type="service"
                      id="Neocom\ProductAdvisor\Framework\Cookie\NeocomCookieProvider.inner" />
            <argument type="service" id="Shopware\Core\System\SystemConfig\SystemConfigService"/>
        </service>
    </services>
</container>
